{
  "Accuracy": 0.5296446088976853,
  "F1": 0.6543115820059886,
  "Precision": 0.5849833676540472,
  "Recall": 0.7422817173178967
}