{
  "Accuracy": 0.47608803358627344,
  "F1": 0.6073483916037391,
  "Precision": 0.5180020427849968,
  "Recall": 0.7339403441067696
}