{
  "Accuracy": 0.47950492414160234,
  "F1": 0.6102022152220302,
  "Precision": 0.5272168568920106,
  "Recall": 0.7241919922817173
}