model	model_slug	precision_mean	recall_mean	F1_mean	accuracy_mean	precision_std	recall_std	F1_std	accuracy_std
BiomedBERT	biomedbert	0.5755502204	0.7461006593	0.6497843264	0.5239598469	0.0068861156	0.0037211044	0.0038067035	0.0044836503
BioBERT	biobert	0.5238537498	0.7306238945	0.6101745690	0.4790800324	0.0041531552	0.0045487819	0.0022963608	0.0022892960
W2NER + BiomedBERT	w2ner_biomedbert	0.5972847032	0.9079299995	0.7205516010	0.5806045560	0.0011582215	0.0007973160	0.0010389437	0.0010395399
