{
  "Precision": 0.5974971588656606,
  "Recall": 0.908807686123171,
  "F1": 0.7209828903098241,
  "Accuracy": 0.5809605797399393
}