model	model_slug	exact_precision_mean	exact_recall_mean	exact_micro_f1_mean	exact_macro_f1_mean	exact_precision_std	exact_recall_std	exact_micro_f1_std	exact_macro_f1_std
BiomedBERT	biomedbert	0.5157831503	0.6686096371	0.5823034141	0.4380430407	0.0070312827	0.0034967050	0.0044831128	0.0030256307
BioBERT	biobert	0.4663368054	0.6504127137	0.5431828943	0.3966005198	0.0043222632	0.0060676965	0.0037687973	0.0029096071
W2NER + BiomedBERT	w2ner_biomedbert	0.5887872640	0.8950125958	0.7103003188	0.6267791379	0.0012956906	0.0007879718	0.0011742098	0.0032065642
