{
  "Accuracy": 0.4816471395397931,
  "F1": 0.6129731000436579,
  "Precision": 0.5263423496164715,
  "Recall": 0.7337393471619231
}