{
  "Accuracy": 0.518684917702385,
  "F1": 0.6449979114452798,
  "Precision": 0.5687384898710865,
  "Recall": 0.7448745779064159
}