{
  "Accuracy": 0.5235500140095265,
  "F1": 0.6500434858236214,
  "Precision": 0.5729288035812841,
  "Recall": 0.7511456825856248
}