{
  "Precision": 0.5985850181509844,
  "Recall": 0.9081041968162084,
  "F1": 0.7215523436876149,
  "Accuracy": 0.5816618173391354
}