{
  "model": "microsoft/BiomedNLP-BiomedBERT-base-uncased-abstract-fulltext",
  "dataset": "t2know_disjoint",
  "nnw_threshold": 0.7,
  "thw_threshold": 0.7,
  "global_metrics": {
    "Precision": 0.5985850181509844,
    "Recall": 0.9081041968162084,
    "F1": 0.7215523436876149,
    "Accuracy": 0.5816618173391354
  }
}