{
  "Precision": 0.5957719326044473,
  "Recall": 0.9068781154526451,
  "F1": 0.7191195690287208,
  "Accuracy": 0.579191270860077
}